{
  "genetic_similarity": 0.229,
  "phenotype_similarity": 1.0,
  "behavior_similarity": {
    "center_time_similarity": 1.0,
    "distance_similarity": 0.9983154051953861,
    "speed_similarity": 0.9983154051953862
  },
  "overall_similarity": 0.6145,
  "twin1_summary": {
    "genome_length": 1000,
    "phenotypes": {
      "anxiety_score": 0.7,
      "memory_score": 0.5,
      "obesity_score": 0.55,
      "tumor_risk": 0.09999999999999998,
      "aggression_score": 0.4,
      "glucose": 1.0,
      "cholesterol": 1.0,
      "triglycerides": 1.0,
      "ALT": 1.0
    },
    "behavior_duration": 300
  },
  "twin2_summary": {
    "genome_length": 1000,
    "phenotypes": {
      "anxiety_score": 0.7,
      "memory_score": 0.5,
      "obesity_score": 0.55,
      "tumor_risk": 0.09999999999999998,
      "aggression_score": 0.4,
      "glucose": 1.0,
      "cholesterol": 1.0,
      "triglycerides": 1.0,
      "ALT": 1.0
    },
    "behavior_duration": 300
  }
}